{"cpp-python": {"top_5_attn": {"attn-18": {"cpp_top": {"KL": {"mean": 0.0007500755786895752, "std": 0.0025375014770702806}, "b_before": {"mean": 0.9999609375, "std": 0.00015013791304410297}, "a_before": {"mean": 0.9999755859375, "std": 0.00012749828317067712}, "b_after": {"mean": 0.999921875, "std": 0.00025706591951330486}, "a_after": {"mean": 0.999931640625, "std": 0.00024061332913534017}, "delta_bias": {"mean": 4.8828125e-06, "std": 0.00012974512185687665}}, "python_top": {"KL": {"mean": 0.004347193241119385, "std": 0.014283988086600925}, "b_before": {"mean": 0.9999609375, "std": 0.00016540232732578268}, "a_before": {"mean": 0.9999609375, "std": 0.00016540232732578268}, "b_after": {"mean": 0.9999658203125, "std": 0.00014315853005962055}, "a_after": {"mean": 0.9999658203125, "std": 0.00014315853005962055}, "delta_bias": {"mean": 0.0, "std": 0.0}}}, "attn-1": {"cpp_top": {"KL": {"mean": 0.000131414532661438, "std": 0.0004951953713185628}, "b_before": {"mean": 0.9999609375, "std": 0.00015013791304410297}, "a_before": {"mean": 0.9999755859375, "std": 0.00012749828317067712}, "b_after": {"mean": 0.9999560546875, "std": 0.00015665329798038254}, "a_after": {"mean": 0.9999609375, "std": 0.00015013791304410303}, "delta_bias": {"mean": 9.765625e-06, "std": 9.765624999999999e-05}}, "python_top": {"KL": {"mean": 0.00032912254333496095, "std": 0.0013260368099331991}, "b_before": {"mean": 0.9999609375, "std": 0.00016540232732578268}, "a_before": {"mean": 0.9999609375, "std": 0.00016540232732578268}, "b_after": {"mean": 0.999951171875, "std": 0.00020233774756121776}, "a_after": {"mean": 0.999951171875, "std": 0.00020233774756121776}, "delta_bias": {"mean": 0.0, "std": 0.0}}}, "attn-25": {"cpp_top": {"KL": {"mean": 0.0003616964817047119, "std": 0.0006639145543051759}, "b_before": {"mean": 0.9999609375, "std": 0.00015013791304410297}, "a_before": {"mean": 0.9999755859375, "std": 0.00012749828317067712}, "b_after": {"mean": 0.9999658203125, "std": 0.00014315853005962055}, "a_after": {"mean": 0.999970703125, "std": 0.00013564354446455776}, "delta_bias": {"mean": 9.765625e-06, "std": 6.87037569024852e-05}}, "python_top": {"KL": {"mean": 0.0021624863147735596, "std": 0.006092493312003395}, "b_before": {"mean": 0.9999609375, "std": 0.00016540232732578268}, "a_before": {"mean": 0.9999609375, "std": 0.00016540232732578268}, "b_after": {"mean": 0.9999853515625, "std": 0.00010874096843438168}, "a_after": {"mean": 0.9999853515625, "std": 0.00010874096843438168}, "delta_bias": {"mean": 0.0, "std": 0.0}}}, "attn-24": {"cpp_top": {"KL": {"mean": 0.0014330554008483887, "std": 0.005054152756454634}, "b_before": {"mean": 0.9999609375, "std": 0.00015013791304410297}, "a_before": {"mean": 0.9999755859375, "std": 0.00012749828317067712}, "b_after": {"mean": 0.9999755859375, "std": 0.00010695454763554216}, "a_after": {"mean": 0.99998046875, "std": 9.61652273276037e-05}, "delta_bias": {"mean": 9.765625e-06, "std": 9.765624999999999e-05}}, "python_top": {"KL": {"mean": 0.0036676543951034545, "std": 0.016220816631627284}, "b_before": {"mean": 0.9999609375, "std": 0.00016540232732578268}, "a_before": {"mean": 0.9999609375, "std": 0.00016540232732578268}, "b_after": {"mean": 0.999931640625, "std": 0.0001965416656879774}, "a_after": {"mean": 0.999931640625, "std": 0.0001965416656879774}, "delta_bias": {"mean": 0.0, "std": 0.0}}}, "attn-15": {"cpp_top": {"KL": {"mean": 0.0070511788129806515, "std": 0.03233606118640656}, "b_before": {"mean": 0.9999609375, "std": 0.00015013791304410297}, "a_before": {"mean": 0.9999755859375, "std": 0.00012749828317067712}, "b_after": {"mean": 0.9999658203125, "std": 0.00012521113280089983}, "a_after": {"mean": 0.999970703125, "std": 0.00011654455887497169}, "delta_bias": {"mean": 9.765625e-06, "std": 9.765624999999999e-05}}, "python_top": {"KL": {"mean": 0.01883454918861389, "std": 0.05668917114709268}, "b_before": {"mean": 0.9999609375, "std": 0.00016540232732578268}, "a_before": {"mean": 0.9999609375, "std": 0.00016540232732578268}, "b_after": {"mean": 0.999775390625, "std": 0.0009849603407145588}, "a_after": {"mean": 0.999775390625, "std": 0.0009849603407145588}, "delta_bias": {"mean": 0.0, "std": 0.0}}}}, "bottom_5_attn": {"attn-6": {"cpp_top": {"KL": {"mean": 0.000766180157661438, "std": 0.0035653753597120054}, "b_before": {"mean": 0.9999609375, "std": 0.00015013791304410297}, "a_before": {"mean": 0.9999755859375, "std": 0.00012749828317067712}, "b_after": {"mean": 0.9999560546875, "std": 0.00014044115784407287}, "a_after": {"mean": 0.999970703125, "std": 0.00011654455887497169}, "delta_bias": {"mean": 0.0, "std": 0.00012020653415950463}}, "python_top": {"KL": {"mean": 0.004958021640777588, "std": 0.022442129184941213}, "b_before": {"mean": 0.9999609375, "std": 0.00016540232732578268}, "a_before": {"mean": 0.9999609375, "std": 0.00016540232732578268}, "b_after": {"mean": 0.99998046875, "std": 9.61652273276037e-05}, "a_after": {"mean": 0.9999755859375, "std": 0.00010695454763554213}, "delta_bias": {"mean": 4.8828125e-06, "std": 4.8828124999999996e-05}}}, "attn-8": {"cpp_top": {"KL": {"mean": 0.002008764743804932, "std": 0.0099928025956776}, "b_before": {"mean": 0.9999609375, "std": 0.00015013791304410297}, "a_before": {"mean": 0.9999755859375, "std": 0.00012749828317067712}, "b_after": {"mean": 0.9999755859375, "std": 0.00010695454763554215}, "a_after": {"mean": 0.9999755859375, "std": 0.00010695454763554215}, "delta_bias": {"mean": 1.46484375e-05, "std": 8.371416406140883e-05}}, "python_top": {"KL": {"mean": 0.0021437829732894897, "std": 0.006483476810280068}, "b_before": {"mean": 0.9999609375, "std": 0.00016540232732578268}, "a_before": {"mean": 0.9999609375, "std": 0.00016540232732578268}, "b_after": {"mean": 0.9999560546875, "std": 0.00017133824068104946}, "a_after": {"mean": 0.9999560546875, "std": 0.00017133824068104946}, "delta_bias": {"mean": 0.0, "std": 0.0}}}, "attn-23": {"cpp_top": {"KL": {"mean": 0.00013516247272491456, "std": 0.0006478880050037029}, "b_before": {"mean": 0.9999609375, "std": 0.00015013791304410297}, "a_before": {"mean": 0.9999755859375, "std": 0.00012749828317067712}, "b_after": {"mean": 0.999970703125, "std": 0.00011654455887497169}, "a_after": {"mean": 0.9999755859375, "std": 0.00010695454763554215}, "delta_bias": {"mean": 9.765625e-06, "std": 9.765624999999999e-05}}, "python_top": {"KL": {"mean": 0.0014751946926116943, "std": 0.005733618396022131}, "b_before": {"mean": 0.9999609375, "std": 0.00016540232732578268}, "a_before": {"mean": 0.9999609375, "std": 0.00016540232732578268}, "b_after": {"mean": 0.99994140625, "std": 0.00021141774502239286}, "a_after": {"mean": 0.9999365234375, "std": 0.0002156470826771917}, "delta_bias": {"mean": 4.8828125e-06, "std": 4.8828124999999996e-05}}}, "attn-9": {"cpp_top": {"KL": {"mean": 0.0005987000465393067, "std": 0.0027682491177466718}, "b_before": {"mean": 0.9999609375, "std": 0.00015013791304410297}, "a_before": {"mean": 0.9999755859375, "std": 0.00012749828317067712}, "b_after": {"mean": 0.9999755859375, "std": 0.00010695454763554216}, "a_after": {"mean": 0.99998046875, "std": 9.616522732760368e-05}, "delta_bias": {"mean": 9.765625e-06, "std": 9.765624999999999e-05}}, "python_top": {"KL": {"mean": 0.0017534738779067993, "std": 0.005843440568038087}, "b_before": {"mean": 0.9999609375, "std": 0.00016540232732578268}, "a_before": {"mean": 0.9999609375, "std": 0.00016540232732578268}, "b_after": {"mean": 0.9999609375, "std": 0.00016540232732578268}, "a_after": {"mean": 0.9999560546875, "std": 0.00017133824068104946}, "delta_bias": {"mean": 4.8828125e-06, "std": 4.8828124999999996e-05}}}, "attn-13": {"cpp_top": {"KL": {"mean": 0.0072298991680145265, "std": 0.02908589982010125}, "b_before": {"mean": 0.9999609375, "std": 0.00015013791304410297}, "a_before": {"mean": 0.9999755859375, "std": 0.00012749828317067712}, "b_after": {"mean": 0.9999853515625, "std": 8.371416406140883e-05}, "a_after": {"mean": 0.9999853515625, "std": 8.371416406140883e-05}, "delta_bias": {"mean": 1.46484375e-05,